{
    "name": "root",
    "gauges": {
        "ShootingAgent.Policy.Entropy.mean": {
            "value": 0.8962985873222351,
            "min": 0.7587851881980896,
            "max": 1.5994360446929932,
            "count": 58
        },
        "ShootingAgent.Policy.Entropy.sum": {
            "value": 44778.1796875,
            "min": 37996.92578125,
            "max": 80913.8671875,
            "count": 58
        },
        "ShootingAgent.Environment.EpisodeLength.mean": {
            "value": 104.07352941176471,
            "min": 102.76970954356847,
            "max": 466.1775700934579,
            "count": 58
        },
        "ShootingAgent.Environment.EpisodeLength.sum": {
            "value": 49539.0,
            "min": 43948.0,
            "max": 60165.0,
            "count": 58
        },
        "ShootingAgent.Step.mean": {
            "value": 2899969.0,
            "min": 49911.0,
            "max": 2899969.0,
            "count": 58
        },
        "ShootingAgent.Step.sum": {
            "value": 2899969.0,
            "min": 49911.0,
            "max": 2899969.0,
            "count": 58
        },
        "ShootingAgent.Policy.ExtrinsicValueEstimate.mean": {
            "value": 0.4322274327278137,
            "min": -0.5685378313064575,
            "max": 0.4852195382118225,
            "count": 58
        },
        "ShootingAgent.Policy.ExtrinsicValueEstimate.sum": {
            "value": 221.30044555664062,
            "min": -250.7251739501953,
            "max": 245.52108764648438,
            "count": 58
        },
        "ShootingAgent.Environment.CumulativeReward.mean": {
            "value": 0.7033622374247218,
            "min": -3.412613257110774,
            "max": 0.8260085936562647,
            "count": 58
        },
        "ShootingAgent.Environment.CumulativeReward.sum": {
            "value": 334.80042501416756,
            "min": -621.0956127941608,
            "max": 368.39983277069405,
            "count": 58
        },
        "ShootingAgent.Policy.ExtrinsicReward.mean": {
            "value": 0.7033622374247218,
            "min": -3.412613257110774,
            "max": 0.8260085936562647,
            "count": 58
        },
        "ShootingAgent.Policy.ExtrinsicReward.sum": {
            "value": 334.80042501416756,
            "min": -621.0956127941608,
            "max": 368.39983277069405,
            "count": 58
        },
        "ShootingAgent.Losses.PolicyLoss.mean": {
            "value": 0.023798002181574702,
            "min": 0.020106651056557893,
            "max": 0.026481809786831338,
            "count": 58
        },
        "ShootingAgent.Losses.PolicyLoss.sum": {
            "value": 0.1189900109078735,
            "min": 0.08891535177826881,
            "max": 0.1324090489341567,
            "count": 58
        },
        "ShootingAgent.Losses.ValueLoss.mean": {
            "value": 0.10382792236904304,
            "min": 0.05536086075628797,
            "max": 0.42949991039931773,
            "count": 58
        },
        "ShootingAgent.Losses.ValueLoss.sum": {
            "value": 0.5191396118452152,
            "min": 0.27680430378143983,
            "max": 1.717999641597271,
            "count": 58
        },
        "ShootingAgent.Policy.LearningRate.mean": {
            "value": 0.0004997128086774384,
            "min": 0.0004997128086774384,
            "max": 0.0004999974224755155,
            "count": 58
        },
        "ShootingAgent.Policy.LearningRate.sum": {
            "value": 0.002498564043387192,
            "min": 0.001998869754326049,
            "max": 0.0024999639890072025,
            "count": 58
        },
        "ShootingAgent.Policy.Epsilon.mean": {
            "value": 0.199942561724,
            "min": 0.199942561724,
            "max": 0.19999948449500002,
            "count": 58
        },
        "ShootingAgent.Policy.Epsilon.sum": {
            "value": 0.99971280862,
            "min": 0.7997739508200002,
            "max": 0.9999927978,
            "count": 58
        },
        "ShootingAgent.Policy.Beta.mean": {
            "value": 0.0049971338300276,
            "min": 0.0049971338300276,
            "max": 0.0049999742763005,
            "count": 58
        },
        "ShootingAgent.Policy.Beta.sum": {
            "value": 0.024985669150138,
            "min": 0.019988720145918,
            "max": 0.024999640610219996,
            "count": 58
        },
        "ShootingAgent.IsTraining.mean": {
            "value": 1.0,
            "min": 1.0,
            "max": 1.0,
            "count": 58
        },
        "ShootingAgent.IsTraining.sum": {
            "value": 1.0,
            "min": 1.0,
            "max": 1.0,
            "count": 58
        }
    },
    "metadata": {
        "timer_format_version": "0.1.0",
        "start_time_seconds": "1651672245",
        "python_version": "3.9.7 (tags/v3.9.7:1016ef3, Aug 30 2021, 20:19:38) [MSC v.1929 64 bit (AMD64)]",
        "command_line_arguments": "C:\\Skola\\DP\\mlagents\\Project\\venv\\Scripts\\mlagents-learn results\\test1\\configuration.yaml --run-id=test1",
        "mlagents_version": "0.27.0",
        "mlagents_envs_version": "0.27.0",
        "communication_protocol_version": "1.5.0",
        "pytorch_version": "1.7.1+cu110",
        "numpy_version": "1.21.4",
        "end_time_seconds": "1651675864"
    },
    "total": 3618.2869711999997,
    "count": 1,
    "self": 0.005851399999755813,
    "children": {
        "run_training.setup": {
            "total": 0.08111749999999995,
            "count": 1,
            "self": 0.08111749999999995
        },
        "TrainerController.start_learning": {
            "total": 3618.2000023,
            "count": 1,
            "self": 7.566756200045347,
            "children": {
                "TrainerController._reset_env": {
                    "total": 5.0223505,
                    "count": 1,
                    "self": 5.0223505
                },
                "TrainerController.advance": {
                    "total": 3605.447964099955,
                    "count": 343734,
                    "self": 7.281245799914814,
                    "children": {
                        "env_step": {
                            "total": 2903.8340944999527,
                            "count": 343734,
                            "self": 1823.819271799927,
                            "children": {
                                "SubprocessEnvManager._take_step": {
                                    "total": 1075.1979499999838,
                                    "count": 343734,
                                    "self": 21.02654989992061,
                                    "children": {
                                        "TorchPolicy.evaluate": {
                                            "total": 1054.1714001000632,
                                            "count": 322434,
                                            "self": 461.13732279993314,
                                            "children": {
                                                "TorchPolicy.sample_actions": {
                                                    "total": 593.0340773001301,
                                                    "count": 322434,
                                                    "self": 593.0340773001301
                                                }
                                            }
                                        }
                                    }
                                },
                                "workers": {
                                    "total": 4.816872700041735,
                                    "count": 343733,
                                    "self": 0.0,
                                    "children": {
                                        "worker_root": {
                                            "total": 3603.416639799942,