{
    "name": "root",
    "gauges": {
        "ShootingAgent.Policy.Entropy.mean": {
            "value": 0.6934202313423157,
            "min": 0.6934202313423157,
            "max": 1.5963083505630493,
            "count": 11
        },
        "ShootingAgent.Policy.Entropy.sum": {
            "value": 34673.78515625,
            "min": 34673.78515625,
            "max": 80669.4453125,
            "count": 11
        },
        "ShootingAgent.Environment.EpisodeLength.mean": {
            "value": 32.46755852842809,
            "min": 32.46755852842809,
            "max": 203.45714285714286,
            "count": 11
        },
        "ShootingAgent.Environment.EpisodeLength.sum": {
            "value": 48539.0,
            "min": 48281.0,
            "max": 50960.0,
            "count": 11
        },
        "ShootingAgent.Step.mean": {
            "value": 549964.0,
            "min": 49971.0,
            "max": 549964.0,
            "count": 11
        },
        "ShootingAgent.Step.sum": {
            "value": 549964.0,
            "min": 49971.0,
            "max": 549964.0,
            "count": 11
        },
        "ShootingAgent.Policy.ExtrinsicValueEstimate.mean": {
            "value": 0.7672207951545715,
            "min": -0.5378060936927795,
            "max": 0.7852905988693237,
            "count": 11
        },
        "ShootingAgent.Policy.ExtrinsicValueEstimate.sum": {
            "value": 1153.1328125,
            "min": -281.8103942871094,
            "max": 1153.1328125,
            "count": 11
        },
        "ShootingAgent.Environment.CumulativeReward.mean": {
            "value": 0.9055528718667466,
            "min": -2.397861341001294,
            "max": 0.9339321177985023,
            "count": 11
        },
        "ShootingAgent.Environment.CumulativeReward.sum": {
            "value": 1353.8015434407862,
            "min": -676.196898162365,
            "max": 1353.8015434407862,
            "count": 11
        },
        "ShootingAgent.Policy.ExtrinsicReward.mean": {
            "value": 0.9055528718667466,
            "min": -2.397861341001294,
            "max": 0.9339321177985023,
            "count": 11
        },
        "ShootingAgent.Policy.ExtrinsicReward.sum": {
            "value": 1353.8015434407862,
            "min": -676.196898162365,
            "max": 1353.8015434407862,
            "count": 11
        },
        "ShootingAgent.Losses.PolicyLoss.mean": {
            "value": 0.02378705298683296,
            "min": 0.021665394414837162,
            "max": 0.025008865717488026,
            "count": 11
        },
        "ShootingAgent.Losses.PolicyLoss.sum": {
            "value": 0.11893526493416479,
            "min": 0.08950865533358107,
            "max": 0.12504432858744013,
            "count": 11
        },
        "ShootingAgent.Losses.ValueLoss.mean": {
            "value": 0.0661851456699272,
            "min": 0.055981531310826546,
            "max": 0.5494121176501116,
            "count": 11
        },
        "ShootingAgent.Losses.ValueLoss.sum": {
            "value": 0.330925728349636,
            "min": 0.27990765655413274,
            "max": 2.197648470600446,
            "count": 11
        },
        "ShootingAgent.Policy.LearningRate.mean": {
            "value": 0.0004999475197704961,
            "min": 0.0004999475197704961,
            "max": 0.0004999974313005136,
            "count": 11
        },
        "ShootingAgent.Policy.LearningRate.sum": {
            "value": 0.0024997375988524808,
            "min": 0.0019998702184259565,
            "max": 0.0024999640095071988,
            "count": 11
        },
        "ShootingAgent.Policy.Epsilon.mean": {
            "value": 0.19998950395200005,
            "min": 0.19998950395200005,
            "max": 0.19999948626,
            "count": 11
        },
        "ShootingAgent.Policy.Epsilon.sum": {
            "value": 0.9999475197600002,
            "min": 0.7999740436800002,
            "max": 0.9999928019000002,
            "count": 11
        },
        "ShootingAgent.Policy.Beta.mean": {
            "value": 0.004999476247204801,
            "min": 0.004999476247204801,
            "max": 0.0049999743643740005,
            "count": 11
        },
        "ShootingAgent.Policy.Beta.sum": {
            "value": 0.024997381236024005,
            "min": 0.019998704779631997,
            "max": 0.02499964081481,
            "count": 11
        },
        "ShootingAgent.IsTraining.mean": {
            "value": 1.0,
            "min": 1.0,
            "max": 1.0,
            "count": 11
        },
        "ShootingAgent.IsTraining.sum": {
            "value": 1.0,
            "min": 1.0,
            "max": 1.0,
            "count": 11
        }
    },
    "metadata": {
        "timer_format_version": "0.1.0",
        "start_time_seconds": "1651308613",
        "python_version": "3.9.7 (tags/v3.9.7:1016ef3, Aug 30 2021, 20:19:38) [MSC v.1929 64 bit (AMD64)]",
        "command_line_arguments": "C:\\Skola\\DP\\mlagents\\Project\\venv\\Scripts\\mlagents-learn results\\test1\\configuration.yaml --run-id=test1",
        "mlagents_version": "0.27.0",
        "mlagents_envs_version": "0.27.0",
        "communication_protocol_version": "1.5.0",
        "pytorch_version": "1.7.1+cu110",
        "numpy_version": "1.21.4",
        "end_time_seconds": "1651309284"
    },
    "total": 670.5178866,
    "count": 1,
    "self": 0.0045335999999451815,
    "children": {
        "run_training.setup": {
            "total": 0.12127350000000003,
            "count": 1,
            "self": 0.12127350000000003
        },
        "TrainerController.start_learning": {
            "total": 670.3920795,
            "count": 1,
            "self": 1.3079351999926985,
            "children": {
                "TrainerController._reset_env": {
                    "total": 6.6370492,
                    "count": 1,
                    "self": 6.6370492
                },
                "TrainerController.advance": {
                    "total": 662.3261188000074,
                    "count": 72569,
                    "self": 1.1609101000058217,
                    "children": {
                        "env_step": {
                            "total": 515.7266055000003,
                            "count": 72569,
                            "self": 300.841631199994,
                            "children": {
                                "SubprocessEnvManager._take_step": {
                                    "total": 214.0992377000116,
                                    "count": 72569,
                                    "self": 3.2643854000176304,
                                    "children": {
                                        "TorchPolicy.evaluate": {
                                            "total": 210.83485229999397,
                                            "count": 63942,
                                            "self": 100.66787930000125,
                                            "children": {
                                                "TorchPolicy.sample_actions": {
                                                    "total": 110.16697299999272,
                                                    "count": 63942,
                                                    "self": 110.16697299999272
                                                }
                                            }
                                        }
                                    }
                                },
                                "workers": {
                                    "total": 0.7857365999946975,
                                    "count": 72568,
                                    "self": 0.0,
                                    "children": {
                                        "worker_root": {
                                            "total": 664.0302984000003,