{
    "name": "root",
    "gauges": {
        "MoveToGoal.Policy.Entropy.mean": {
            "value": 1.2908815145492554,
            "min": 1.2908815145492554,
            "max": 1.4122260808944702,
            "count": 10
        },
        "MoveToGoal.Policy.Entropy.sum": {
            "value": 64580.22265625,
            "min": 64580.22265625,
            "max": 71108.40625,
            "count": 10
        },
        "MoveToGoal.Step.mean": {
            "value": 499997.0,
            "min": 49989.0,
            "max": 499997.0,
            "count": 10
        },
        "MoveToGoal.Step.sum": {
            "value": 499997.0,
            "min": 49989.0,
            "max": 499997.0,
            "count": 10
        },
        "MoveToGoal.Policy.ExtrinsicValueEstimate.mean": {
            "value": 0.9561682343482971,
            "min": -2.4711062908172607,
            "max": 0.9561682343482971,
            "count": 10
        },
        "MoveToGoal.Policy.ExtrinsicValueEstimate.sum": {
            "value": 4770.3232421875,
            "min": -2441.453125,
            "max": 4770.3232421875,
            "count": 10
        },
        "MoveToGoal.Environment.EpisodeLength.mean": {
            "value": 9.022039671408535,
            "min": 9.022039671408535,
            "max": 190.03088803088804,
            "count": 10
        },
        "MoveToGoal.Environment.EpisodeLength.sum": {
            "value": 45029.0,
            "min": 45029.0,
            "max": 49598.0,
            "count": 10
        },
        "MoveToGoal.Environment.CumulativeReward.mean": {
            "value": 1.0,
            "min": -0.11196911196911197,
            "max": 1.0,
            "count": 10
        },
        "MoveToGoal.Environment.CumulativeReward.sum": {
            "value": 4989.0,
            "min": -29.0,
            "max": 4989.0,
            "count": 10
        },
        "MoveToGoal.Policy.ExtrinsicReward.mean": {
            "value": 1.0,
            "min": -0.11196911196911197,
            "max": 1.0,
            "count": 10
        },
        "MoveToGoal.Policy.ExtrinsicReward.sum": {
            "value": 4989.0,
            "min": -29.0,
            "max": 4989.0,
            "count": 10
        },
        "MoveToGoal.Losses.PolicyLoss.mean": {
            "value": 0.024205361885639525,
            "min": 0.02399394310545176,
            "max": 0.026020914904462795,
            "count": 10
        },
        "MoveToGoal.Losses.PolicyLoss.sum": {
            "value": 0.12102680942819763,
            "min": 0.0966391784682249,
            "max": 0.13010457452231397,
            "count": 10
        },
        "MoveToGoal.Losses.ValueLoss.mean": {
            "value": 0.00010278654828046758,
            "min": 0.00010278654828046758,
            "max": 0.10892870377749204,
            "count": 10
        },
        "MoveToGoal.Losses.ValueLoss.sum": {
            "value": 0.0005139327414023379,
            "min": 0.0004699933706433512,
            "max": 0.5446435188874602,
            "count": 10
        },
        "MoveToGoal.Policy.LearningRate.mean": {
            "value": 1.6857934380719988e-05,
            "min": 1.6857934380719988e-05,
            "max": 0.0002844726051758,
            "count": 10
        },
        "MoveToGoal.Policy.LearningRate.sum": {
            "value": 8.428967190359994e-05,
            "min": 8.428967190359994e-05,
            "max": 0.0012834942721686002,
            "count": 10
        },
        "MoveToGoal.Policy.Epsilon.mean": {
            "value": 0.10561927999999998,
            "min": 0.10561927999999998,
            "max": 0.1948242,
            "count": 10
        },
        "MoveToGoal.Policy.Epsilon.sum": {
            "value": 0.5280963999999999,
            "min": 0.5003648,
            "max": 0.9278313999999999,
            "count": 10
        },
        "MoveToGoal.Policy.Beta.mean": {
            "value": 0.00029040207199999997,
            "min": 0.00029040207199999997,
            "max": 0.0047417275800000006,
            "count": 10
        },
        "MoveToGoal.Policy.Beta.sum": {
            "value": 0.00145201036,
            "min": 0.00145201036,
            "max": 0.02139878686,
            "count": 10
        },
        "MoveToGoal.IsTraining.mean": {
            "value": 1.0,
            "min": 1.0,
            "max": 1.0,
            "count": 10
        },
        "MoveToGoal.IsTraining.sum": {
            "value": 1.0,
            "min": 1.0,
            "max": 1.0,
            "count": 10
        }
    },
    "metadata": {
        "timer_format_version": "0.1.0",
        "start_time_seconds": "1639224207",
        "python_version": "3.9.7 (tags/v3.9.7:1016ef3, Aug 30 2021, 20:19:38) [MSC v.1929 64 bit (AMD64)]",
        "command_line_arguments": "C:\\Skola\\DP\\mlagents\\Project\\venv\\Scripts\\mlagents-learn --run-id=test1",
        "mlagents_version": "0.27.0",
        "mlagents_envs_version": "0.27.0",
        "communication_protocol_version": "1.5.0",
        "pytorch_version": "1.7.1+cu110",
        "numpy_version": "1.21.4",
        "end_time_seconds": "1639225149"
    },
    "total": 941.9768221999999,
    "count": 1,
    "self": 0.0060192999999344465,
    "children": {
        "run_training.setup": {
            "total": 0.06337700000000002,
            "count": 1,
            "self": 0.06337700000000002
        },
        "TrainerController.start_learning": {
            "total": 941.9074259,
            "count": 1,
            "self": 1.9050191999931485,
            "children": {
                "TrainerController._reset_env": {
                    "total": 28.6910904,
                    "count": 1,
                    "self": 28.6910904
                },
                "TrainerController.advance": {
                    "total": 911.2758742000069,
                    "count": 67733,
                    "self": 1.7131709000193496,
                    "children": {
                        "env_step": {
                            "total": 619.9842723000037,
                            "count": 67733,
                            "self": 475.6454523000009,
                            "children": {
                                "SubprocessEnvManager._take_step": {
                                    "total": 143.2280646999912,
                                    "count": 67733,
                                    "self": 4.104310700000525,
                                    "children": {
                                        "TorchPolicy.evaluate": {
                                            "total": 139.12375399999067,
                                            "count": 41674,
                                            "self": 58.85602110000795,
                                            "children": {
                                                "TorchPolicy.sample_actions": {
                                                    "total": 80.26773289998272,
                                                    "count": 41674,
                                                    "self": 80.26773289998272
                                                }
                                            }
                                        }
                                    }
                                },
                                "workers": {
                                    "total": 1.1107553000115828,
                                    "count": 67733,
                                    "self": 0.0,
                                    "children": {
                                        "worker_root": {
                                            "total": 913.3069536999818,
                                            "count": 67733,
                                            "is_parallel": true,
                                            "self": 525.0471631999924,