{
    "name": "root",
    "gauges": {
        "ShootingAgent.Policy.Entropy.mean": {
            "value": 1.5751503705978394,
            "min": 1.5751503705978394,
            "max": 1.6009321212768555,
            "count": 3
        },
        "ShootingAgent.Policy.Entropy.sum": {
            "value": 79231.640625,
            "min": 78549.484375,
            "max": 81248.90625,
            "count": 3
        },
        "ShootingAgent.Environment.EpisodeLength.mean": {
            "value": 176.0974729241877,
            "min": 133.46448087431693,
            "max": 176.0974729241877,
            "count": 3
        },
        "ShootingAgent.Environment.EpisodeLength.sum": {
            "value": 48779.0,
            "min": 48779.0,
            "max": 49605.0,
            "count": 3
        },
        "ShootingAgent.Step.mean": {
            "value": 149975.0,
            "min": 49982.0,
            "max": 149975.0,
            "count": 3
        },
        "ShootingAgent.Step.sum": {
            "value": 149975.0,
            "min": 49982.0,
            "max": 149975.0,
            "count": 3
        },
        "ShootingAgent.Policy.ExtrinsicValueEstimate.mean": {
            "value": -1.635329008102417,
            "min": -1.635329008102417,
            "max": -0.877129852771759,
            "count": 3
        },
        "ShootingAgent.Policy.ExtrinsicValueEstimate.sum": {
            "value": -891.2543334960938,
            "min": -891.2543334960938,
            "max": -511.36669921875,
            "count": 3
        },
        "ShootingAgent.Environment.CumulativeReward.mean": {
            "value": -4.512942851661778,
            "min": -4.512942851661778,
            "max": -4.242017594533168,
            "count": 3
        },
        "ShootingAgent.Environment.CumulativeReward.sum": {
            "value": -1254.5981127619743,
            "min": -1574.998200058937,
            "max": -1254.5981127619743,
            "count": 3
        },
        "ShootingAgent.Policy.ExtrinsicReward.mean": {
            "value": -4.512942851661778,
            "min": -4.512942851661778,
            "max": -4.242017594533168,
            "count": 3
        },
        "ShootingAgent.Policy.ExtrinsicReward.sum": {
            "value": -1254.5981127619743,
            "min": -1574.998200058937,
            "max": -1254.5981127619743,
            "count": 3
        },
        "ShootingAgent.Losses.PolicyLoss.mean": {
            "value": 0.023803769631000855,
            "min": 0.02289042832368674,
            "max": 0.02473330389087399,
            "count": 3
        },
        "ShootingAgent.Losses.PolicyLoss.sum": {
            "value": 0.11901884815500427,
            "min": 0.09156171329474697,
            "max": 0.12366651945436996,
            "count": 3
        },
        "ShootingAgent.Losses.ValueLoss.mean": {
            "value": 0.4781768808762232,
            "min": 0.4781768808762232,
            "max": 0.8242695833245913,
            "count": 3
        },
        "ShootingAgent.Losses.ValueLoss.sum": {
            "value": 2.390884404381116,
            "min": 2.390884404381116,
            "max": 3.2970783332983653,
            "count": 3
        },
        "ShootingAgent.Policy.LearningRate.mean": {
            "value": 0.000499987669522466,
            "min": 0.000499987669522466,
            "max": 0.0004999974319505135,
            "count": 3
        },
        "ShootingAgent.Policy.LearningRate.sum": {
            "value": 0.00249993834761233,
            "min": 0.001999989727802054,
            "max": 0.0024999640509071894,
            "count": 3
        },
        "ShootingAgent.Policy.Epsilon.mean": {
            "value": 0.19999753390399996,
            "min": 0.19999753390399996,
            "max": 0.19999948638999998,
            "count": 3
        },
        "ShootingAgent.Policy.Epsilon.sum": {
            "value": 0.9999876695199998,
            "min": 0.7999979455599999,
            "max": 0.9999928101800002,
            "count": 3
        },
        "ShootingAgent.Policy.Beta.mean": {
            "value": 0.004999876941809601,
            "min": 0.004999876941809601,
            "max": 0.004999974370861001,
            "count": 3
        },
        "ShootingAgent.Policy.Beta.sum": {
            "value": 0.024999384709048004,
            "min": 0.019999897483444003,
            "max": 0.024999641227982,
            "count": 3
        },
        "ShootingAgent.IsTraining.mean": {
            "value": 1.0,
            "min": 1.0,
            "max": 1.0,
            "count": 3
        },
        "ShootingAgent.IsTraining.sum": {
            "value": 1.0,
            "min": 1.0,
            "max": 1.0,
            "count": 3
        }
    },
    "metadata": {
        "timer_format_version": "0.1.0",
        "start_time_seconds": "1649515856",
        "python_version": "3.9.7 (tags/v3.9.7:1016ef3, Aug 30 2021, 20:19:38) [MSC v.1929 64 bit (AMD64)]",
        "command_line_arguments": "C:\\Skola\\DP\\mlagents\\Project\\venv\\Scripts\\mlagents-learn results\\test1\\configuration.yaml --run-id=test1",
        "mlagents_version": "0.27.0",
        "mlagents_envs_version": "0.27.0",
        "communication_protocol_version": "1.5.0",
        "pytorch_version": "1.7.1+cu110",
        "numpy_version": "1.21.4",
        "end_time_seconds": "1649516083"
    },
    "total": 226.4092201,
    "count": 1,
    "self": 0.00597830000000954,
    "children": {
        "run_training.setup": {
            "total": 0.07980319999999996,
            "count": 1,
            "self": 0.07980319999999996
        },
        "TrainerController.start_learning": {
            "total": 226.3234386,
            "count": 1,
            "self": 0.3762801999987744,
            "children": {
                "TrainerController._reset_env": {
                    "total": 5.0918732,
                    "count": 1,
                    "self": 5.0918732
                },
                "TrainerController.advance": {
                    "total": 220.76711840000124,
                    "count": 17802,
                    "self": 0.34164209999957507,
                    "children": {
                        "env_step": {
                            "total": 182.1093498000007,
                            "count": 17802,
                            "self": 118.01191980000203,
                            "children": {
                                "SubprocessEnvManager._take_step": {
                                    "total": 63.86770819999859,
                                    "count": 17802,
                                    "self": 1.0285914999972192,
                                    "children": {
                                        "TorchPolicy.evaluate": {
                                            "total": 62.83911670000137,
                                            "count": 17334,
                                            "self": 30.132503500003494,
                                            "children": {
                                                "TorchPolicy.sample_actions": {
                                                    "total": 32.706613199997875,
                                                    "count": 17334,
                                                    "self": 32.706613199997875
                                                }
                                            }
                                        }
                                    }
                                },
                                "workers": {
                                    "total": 0.22972180000008002,
                                    "count": 17801,
                                    "self": 0.0,
                                    "children": {
                                        "worker_root": {
                                            "total": 221.644362600001,
                                            "count": 17801,