{
    "name": "root",
    "gauges": {
        "ShootingAgent.Policy.Entropy.mean": {
            "value": 1.3417079448699951,
            "min": 1.3417079448699951,
            "max": 1.6034801006317139,
            "count": 10
        },
        "ShootingAgent.Policy.Entropy.sum": {
            "value": 67247.7421875,
            "min": 67247.7421875,
            "max": 80469.046875,
            "count": 10
        },
        "ShootingAgent.Step.mean": {
            "value": 499992.0,
            "min": 49936.0,
            "max": 499992.0,
            "count": 10
        },
        "ShootingAgent.Step.sum": {
            "value": 499992.0,
            "min": 49936.0,
            "max": 499992.0,
            "count": 10
        },
        "ShootingAgent.Policy.ExtrinsicValueEstimate.mean": {
            "value": -0.08249291032552719,
            "min": -0.11467847228050232,
            "max": -0.05294262617826462,
            "count": 10
        },
        "ShootingAgent.Policy.ExtrinsicValueEstimate.sum": {
            "value": -65.91183471679688,
            "min": -91.97213745117188,
            "max": -42.195274353027344,
            "count": 10
        },
        "ShootingAgent.Losses.PolicyLoss.mean": {
            "value": 0.026023184390117728,
            "min": 0.02185276349967656,
            "max": 0.026023184390117728,
            "count": 10
        },
        "ShootingAgent.Losses.PolicyLoss.sum": {
            "value": 0.13011592195058863,
            "min": 0.08741105399870625,
            "max": 0.13011592195058863,
            "count": 10
        },
        "ShootingAgent.Losses.ValueLoss.mean": {
            "value": 0.007484406283668553,
            "min": 0.0002904523039129951,
            "max": 0.029710131556882215,
            "count": 10
        },
        "ShootingAgent.Losses.ValueLoss.sum": {
            "value": 0.037422031418342765,
            "min": 0.0011618092156519804,
            "max": 0.14855065778441107,
            "count": 10
        },
        "ShootingAgent.Policy.LearningRate.mean": {
            "value": 1.628361457216e-05,
            "min": 1.628361457216e-05,
            "max": 0.00028448325517225006,
            "count": 10
        },
        "ShootingAgent.Policy.LearningRate.sum": {
            "value": 8.14180728608e-05,
            "min": 8.14180728608e-05,
            "max": 0.0012830472723176,
            "count": 10
        },
        "ShootingAgent.Policy.Epsilon.mean": {
            "value": 0.10542784000000001,
            "min": 0.10542784000000001,
            "max": 0.19482775,
            "count": 10
        },
        "ShootingAgent.Policy.Epsilon.sum": {
            "value": 0.5271392,
            "min": 0.49968879999999993,
            "max": 0.9276824,
            "count": 10
        },
        "ShootingAgent.Policy.Beta.mean": {
            "value": 0.00028084921600000023,
            "min": 0.00028084921600000023,
            "max": 0.004741904725,
            "count": 10
        },
        "ShootingAgent.Policy.Beta.sum": {
            "value": 0.001404246080000001,
            "min": 0.001404246080000001,
            "max": 0.02139135176,
            "count": 10
        },
        "ShootingAgent.Environment.EpisodeLength.mean": {
            "value": 2358.4761904761904,
            "min": 1933.608695652174,
            "max": 2499.0,
            "count": 10
        },
        "ShootingAgent.Environment.EpisodeLength.sum": {
            "value": 49528.0,
            "min": 43569.0,
            "max": 53173.0,
            "count": 10
        },
        "ShootingAgent.Environment.CumulativeReward.mean": {
            "value": -2.162638025912678,
            "min": -3.4607216902988274,
            "max": -1.6043428314927344,
            "count": 10
        },
        "ShootingAgent.Environment.CumulativeReward.sum": {
            "value": -45.41539854416624,
            "min": -79.59659887687303,
            "max": -33.69119946134742,
            "count": 10
        },
        "ShootingAgent.Policy.ExtrinsicReward.mean": {
            "value": -2.162638025912678,
            "min": -3.4607216902988274,
            "max": -1.6043428314927344,
            "count": 10
        },
        "ShootingAgent.Policy.ExtrinsicReward.sum": {
            "value": -45.41539854416624,
            "min": -79.59659887687303,
            "max": -33.69119946134742,
            "count": 10
        },
        "ShootingAgent.IsTraining.mean": {
            "value": 1.0,
            "min": 1.0,
            "max": 1.0,
            "count": 10
        },
        "ShootingAgent.IsTraining.sum": {
            "value": 1.0,
            "min": 1.0,
            "max": 1.0,
            "count": 10
        }
    },
    "metadata": {
        "timer_format_version": "0.1.0",
        "start_time_seconds": "1646402056",
        "python_version": "3.9.7 (tags/v3.9.7:1016ef3, Aug 30 2021, 20:19:38) [MSC v.1929 64 bit (AMD64)]",
        "command_line_arguments": "C:\\Skola\\DP\\mlagents\\Project\\venv\\Scripts\\mlagents-learn --force",
        "mlagents_version": "0.27.0",
        "mlagents_envs_version": "0.27.0",
        "communication_protocol_version": "1.5.0",
        "pytorch_version": "1.7.1+cu110",
        "numpy_version": "1.21.4",
        "end_time_seconds": "1646402710"
    },
    "total": 654.1361843999999,
    "count": 1,
    "self": 0.005506599999989703,
    "children": {
        "run_training.setup": {
            "total": 0.022643199999999974,
            "count": 1,
            "self": 0.022643199999999974
        },
        "TrainerController.start_learning": {
            "total": 654.1080346,
            "count": 1,
            "self": 1.133958400006236,
            "children": {
                "TrainerController._reset_env": {
                    "total": 9.7714865,
                    "count": 1,
                    "self": 9.7714865
                },
                "TrainerController.advance": {
                    "total": 643.1596427999938,
                    "count": 55762,
                    "self": 1.119923799992307,
                    "children": {
                        "env_step": {
                            "total": 527.5065097000034,
                            "count": 55762,
                            "self": 332.0734809000036,
                            "children": {
                                "SubprocessEnvManager._take_step": {
                                    "total": 194.73707669999476,
                                    "count": 55762,
                                    "self": 3.06045379999631,
                                    "children": {
                                        "TorchPolicy.evaluate": {
                                            "total": 191.67662289999845,
                                            "count": 55591,
                                            "self": 89.79692360000023,
                                            "children": {
                                                "TorchPolicy.sample_actions": {
                                                    "total": 101.87969929999822,
                                                    "count": 55591,
                                                    "self": 101.87969929999822
                                                }
                                            }
                                        }
                                    }
                                },
                                "workers": {
                                    "total": 0.6959521000051332,
                                    "count": 55762,
                                    "self": 0.0,
                                    "children": {
                                        "worker_root": {
                                            "total": 643.7569480999946,
                                            "count": 55762,