{
    "name": "root",
    "gauges": {
        "MoveToGoal.Policy.Entropy.mean": {
            "value": 0.3729631006717682,
            "min": 0.3729631006717682,
            "max": 1.5823652744293213,
            "count": 25
        },
        "MoveToGoal.Policy.Entropy.sum": {
            "value": 18623.912109375,
            "min": 18623.912109375,
            "max": 79917.359375,
            "count": 25
        },
        "MoveToGoal.Environment.EpisodeLength.mean": {
            "value": 399.50387596899225,
            "min": 125.45584045584046,
            "max": 949.0188679245283,
            "count": 25
        },
        "MoveToGoal.Environment.EpisodeLength.sum": {
            "value": 51536.0,
            "min": 44035.0,
            "max": 53640.0,
            "count": 25
        },
        "MoveToGoal.Step.mean": {
            "value": 1249955.0,
            "min": 49994.0,
            "max": 1249955.0,
            "count": 25
        },
        "MoveToGoal.Step.sum": {
            "value": 1249955.0,
            "min": 49994.0,
            "max": 1249955.0,
            "count": 25
        },
        "MoveToGoal.Policy.ExtrinsicValueEstimate.mean": {
            "value": 1.4701769351959229,
            "min": -1.117046594619751,
            "max": 1.4701769351959229,
            "count": 25
        },
        "MoveToGoal.Policy.ExtrinsicValueEstimate.sum": {
            "value": 1239.359130859375,
            "min": -990.3115234375,
            "max": 1239.359130859375,
            "count": 25
        },
        "MoveToGoal.Environment.CumulativeReward.mean": {
            "value": 7.28211211268754,
            "min": -4.977263951588954,
            "max": 7.341505247981302,
            "count": 25
        },
        "MoveToGoal.Environment.CumulativeReward.sum": {
            "value": 939.3924625366926,
            "min": -1742.042383056134,
            "max": 939.3924625366926,
            "count": 25
        },
        "MoveToGoal.Policy.ExtrinsicReward.mean": {
            "value": 7.28211211268754,
            "min": -4.977263951588954,
            "max": 7.341505247981302,
            "count": 25
        },
        "MoveToGoal.Policy.ExtrinsicReward.sum": {
            "value": 939.3924625366926,
            "min": -1742.042383056134,
            "max": 939.3924625366926,
            "count": 25
        },
        "MoveToGoal.Losses.PolicyLoss.mean": {
            "value": 0.023514189664274453,
            "min": 0.021637314443166057,
            "max": 0.02597319382398079,
            "count": 25
        },
        "MoveToGoal.Losses.PolicyLoss.sum": {
            "value": 0.11757094832137227,
            "min": 0.0941868515064319,
            "max": 0.12986596911990395,
            "count": 25
        },
        "MoveToGoal.Losses.ValueLoss.mean": {
            "value": 0.26392997642358146,
            "min": 0.026913455488781136,
            "max": 0.9236667544891437,
            "count": 25
        },
        "MoveToGoal.Losses.ValueLoss.sum": {
            "value": 1.3196498821179072,
            "min": 0.13456727744390568,
            "max": 3.694667017956575,
            "count": 25
        },
        "MoveToGoal.Policy.LearningRate.mean": {
            "value": 0.00028164571211809796,
            "min": 0.00028164571211809796,
            "max": 0.00029961465387844875,
            "count": 25
        },
        "MoveToGoal.Policy.LearningRate.sum": {
            "value": 0.0014082285605904897,
            "min": 0.00113553305148899,
            "max": 0.0014945989368003551,
            "count": 25
        },
        "MoveToGoal.Policy.Epsilon.mean": {
            "value": 0.19388190200000002,
            "min": 0.19388190200000002,
            "max": 0.19987155125,
            "count": 25
        },
        "MoveToGoal.Policy.Epsilon.sum": {
            "value": 0.9694095100000001,
            "min": 0.7785110100000001,
            "max": 0.998199645,
            "count": 25
        },
        "MoveToGoal.Policy.Beta.mean": {
            "value": 0.0046947069098,
            "min": 0.0046947069098,
            "max": 0.004993590407374999,
            "count": 25
        },
        "MoveToGoal.Policy.Beta.sum": {
            "value": 0.023473534549,
            "min": 0.018927699399,
            "max": 0.024910162285499998,
            "count": 25
        },
        "MoveToGoal.IsTraining.mean": {
            "value": 1.0,
            "min": 1.0,
            "max": 1.0,
            "count": 25
        },
        "MoveToGoal.IsTraining.sum": {
            "value": 1.0,
            "min": 1.0,
            "max": 1.0,
            "count": 25
        }
    },
    "metadata": {
        "timer_format_version": "0.1.0",
        "start_time_seconds": "1645705066",
        "python_version": "3.9.7 (tags/v3.9.7:1016ef3, Aug 30 2021, 20:19:38) [MSC v.1929 64 bit (AMD64)]",
        "command_line_arguments": "C:\\Skola\\DP\\mlagents\\Project\\venv\\Scripts\\mlagents-learn results\\testwithwalls\\configuration.yaml --run-id=testwithraycast",
        "mlagents_version": "0.27.0",
        "mlagents_envs_version": "0.27.0",
        "communication_protocol_version": "1.5.0",
        "pytorch_version": "1.7.1+cu110",
        "numpy_version": "1.21.4",
        "end_time_seconds": "1645706429"
    },
    "total": 1362.9945042,
    "count": 1,
    "self": 0.0048377000000527914,
    "children": {
        "run_training.setup": {
            "total": 0.07496340000000001,
            "count": 1,
            "self": 0.07496340000000001
        },
        "TrainerController.start_learning": {
            "total": 1362.9147031,
            "count": 1,
            "self": 1.9179457999812257,
            "children": {
                "TrainerController._reset_env": {
                    "total": 4.755414399999999,
                    "count": 1,
                    "self": 4.755414399999999
                },
                "TrainerController.advance": {
                    "total": 1356.1810411000188,
                    "count": 85155,
                    "self": 1.6140427000173077,
                    "children": {
                        "env_step": {
                            "total": 1040.7010668000005,
                            "count": 85155,
                            "self": 766.1515350000068,
                            "children": {
                                "SubprocessEnvManager._take_step": {
                                    "total": 273.3890693000002,
                                    "count": 85155,
                                    "self": 5.405359100024498,
                                    "children": {
                                        "TorchPolicy.evaluate": {
                                            "total": 267.9837101999757,
                                            "count": 83384,
                                            "self": 116.16083509996588,
                                            "children": {
                                                "TorchPolicy.sample_actions": {
                                                    "total": 151.8228751000098,
                                                    "count": 83384,
                                                    "self": 151.8228751000098
                                                }
                                            }
                                        }
                                    }
                                },
                                "workers": {
                                    "total": 1.160462499993585,
                                    "count": 85154,
                                    "self": 0.0,
                                    "children": {
                                        "worker_root": {
                                            "total": 1356.6045487000035,
                                            "count": 85154,